<project name="PostgressDBConverter" basedir="." default="ConvertiFiles">
	<!-- Base classpath -->
	<path id="generatescript.class.path">
		<fileset dir="./dependecies">
			<include name="**/*.jar" />
		</fileset>
	</path>	

	<!-- Load antcontrib necessary for foreach instruction-->
	<taskdef resource="net/sf/antcontrib/antlib.xml">
	  <classpath>
	    <pathelement location="./dependecies/ant-contrib.jar" />
	  </classpath>
	</taskdef>

	<!-- For each scripts, converto files -->
	<target name="ConvertiFiles">
	    <!-- delete conversion dir -->
		<delete dir="./lib/migration" />
	
	    <!-- cycle files -->
		<foreach target="ConvertFile" param="theFile">
			<path>
				<fileset dir="./lib" casesensitive="yes">
					<include name="**/*.sql"/>
				</fileset>
			</path>
		</foreach>
	</target>

    <!-- Convert -->	
	<target name="ConvertFile">
		<basename property="filename" file="${theFile}"/>
		<touch file="./lib/migration/${filename}" mkdirs="true" />
		
		<java classname="com.gpi.utils.WipGenerator">
			<arg value="${theFile}" />
			<arg value="./lib/migration/${filename}" />			
			<arg value="com.gpi.utils.PostgresDBAdapter" />
			<classpath refid="generatescript.class.path" />
		</java>
	</target>  
</project>